﻿<?xml version="1.0" encoding="utf-8" ?>

<books>
  <discbook>
    <booktitle>The Autobiography of Benjamin Franklin</booktitle>
    <showtext>This came from the ShowText method!</showtext>
  </discbook>
  <discbook>
    <booktitle>The Confidence Man</booktitle>
    <showtext>This came from the ShowText method!</showtext>
  </discbook>
  <discbook>
    <booktitle>The Gorgias</booktitle>
    <showtext>This came from the ShowText method!</showtext>
  </discbook>
  <discbook>
    <booktitle>The Great Cookie Caper</booktitle>
    <showtext>This came from the ShowText method!</showtext>
  </discbook>
  <discbook>
    <booktitle>A Really Great Book</booktitle>
    <showtext>This came from the ShowText method!</showtext>
  </discbook>
</books> 
