<?xml version="1.0"?>
<doc>
    <assembly>
        <name>MathLibrary</name>
    </assembly>
    <members>
        <member name="T:Wrox.MathLibrary">
            <summary>
               Wrox.MathLibrary class.
               Provides a method to add two integers.
            </summary>
        </member>
        <member name="M:Wrox.MathLibrary.Add(System.Int32,System.Int32)">
            <summary>
               The Add method allows us to add two integers
            </summary>
            <returns>Result of the addition (int)</returns>
            <param name="x">First number to add</param>
            <param name="y">Second number to add</param>
        </member>
    </members>
</doc>
